"Adam Smith",@Rep_Adam_Smith
"Alan Grayson",@AlanGrayson
"Albio Sires",@Rep_Albio_Sires
"Artur Davis",@ArturDavis
"Benjamin Cardin",@SenatorCardin
"Ben Lujan",@repbenraylujan
"Bill Nelson",@SenBillNelson
"Bob Filner",@CongBobFilner
"Brad Sherman",@BradSherman
"Brian Higgins",@RepBrianHiggins
"Carolyn Kilpatrick",@RepKilpatrick
"Carolyn McCarthy",@RepMcCarthyNY
"Chaka Fattah",@chakafattah
"Charles Rangel",@cbrangel
"Charles Wilson",@RepCWilson
"Chellie Pingree",@chelliepingree
"Christopher Carney",@ChrisCarneyPa10
"Christopher Dodd",@SenChrisDodd
"Claire McCaskill",@clairecmc
"Daniel Maffei",@RepDanMaffei
"Debbie Wasserman Schultz",@DWStweets
"Dennis Cardoza",@RepCardoza
"Dennis Kucinich",@Dennis_Kucinich
"Diana DeGette",@RepDianaDeGette
"Donna Edwards",@repdonnaedwards
"Earl Blumenauer",@repblumenauer
"E. Benjamin Nelson",@SenBenNelson
"Ed Perlmutter",@RepPerlmutter
"Eleanor Norton",@EleanorNorton
"Frank Lautenberg",@FrankLautenberg
"Frank Pallone",@FrankPallone
"Gabrielle Giffords",@Rep_Giffords
"George Miller",@askgeorge
"Glenn Nye",@GlennNye
"Gregory Meeks",@GregoryMeeks
"Gwendolynne Moore",@RepGwenMoore
"Harry Mitchell",@HarryEMitchell
"Harry Reid",@SenatorReid
"Henry Johnson",@RepHankJohnson
"Ike Skelton",@IkeSkelton
"James Langevin",@jimlangevin
"James McDermott",@RepJimMcDermott
"James Moran",@Jim_Moran
"James Oberstar",@JimOberstar
"Jane Harman",@RepJaneHarman
"Janice Schakowsky",@janschakowsky
"Jared Polis",@jaredpolis
"Jay Inslee",@RepInsleeNews
"Jeanne Shaheen",@JeanneShaheen
"Jeffery Merkley",@SenJeffMerkley
"Jerry Costello",@JerryCostello
"Jim Himes",@jahimes
"Jim Matheson",@RepJimMatheson
"Joe Baca",@BacaCA43
"John Barrow",@repjohnbarrow
"John Carnahan",@RepCarnahan
"John Conyers",@repjohnconyers
"John Dingell",@john_dingell
"John Kerry",@JohnKerry
"John Larson",@RepJohnLarson
"Joseph Sestak",@JoeSestak
"Kay Hagan",@SenatorHagan
"Keith Ellison",@keithellison
"Kirsten Gillibrand",@SenGillibrand
"Kurt Schrader",@repschrader
"Leonard Boswell",@LeonardBoswell
"Lloyd Doggett",@RepLloydDoggett
"Loretta Sanchez",@LorettaSanchez
"Louise Slaughter",@louiseslaughter
"Luis Gutierrez",@RepGutierrez
"Marcia Fudge",@mlfudge
"Mark Begich",@SenatorBegich
"Mark Critz",@RepMarkCritz
"Mark Udall",@MarkUdall
"Mark Warner",@MarkWarner
"Mary Jo Kilroy",@RepMaryJoKilroy
"Maurice Hinchey",@mauricehinchey
"Maxine Waters",@MaxineWaters
"Mazie Hirono",@maziehirono
"Michael Doyle",@USRepMikeDoyle
"Michael Honda",@RepMikeHonda
"Michael McMahon",@RepMikeMcMahon
"Michael Michaud",@RepMikeMichaud
"Mike Quigley",@RepMikeQuigley
"Mike Ross",@repmikeross
"Nancy Pelosi",@SpeakerPelosi
"Norman Dicks",@RepNormDicks
"Paul Hodes",@PaulHodes
"Paul Kanjorski",@PaulKanjorski
"Paul Tonko",@paultonko
"Pedro Pierluisi",@pedropierluisi
"Raymond Green",@RepGeneGreen
"Robert Brady",@RepBrady
"Robert Menendez",@SenatorMenendez
"Roland Burris",@rolandwburris
"Ronald Kind",@RepRonKind
"Ron Klein",@RepRonKlein
"Russell Feingold",@russfeingold
"Sam Farr",@RepSamFarr
"Sander Levin",@repsandylevin
"Sheila Jackson Lee",@JacksonLeeTX18
"Shelley Berkley",@RepBerkley
"Sherrod Brown",@SenSherrodBrown
"Steny Hoyer",@LeaderHoyer
"Steve Cohen",@RepCohen
"Steve Israel",@RepSteveIsrael
"Tammy Baldwin",@RepTammyBaldwin
"Ted Deutch",@RepTedDeutch
"Thomas Harkin",@SenatorHarkin
"Timothy Ryan",@timryan
"Tom Perriello",@tomperriello
"Tom Udall",@SenatorTomUdall
"Walter Minnick",@WaltMinnick
"Xavier Becerra",@RepBecerra
"Zachary Space",@RepZackSpace
